<?xml version="1.0" encoding="UTF-8"?>

<document repository="default" id="Task488">
  <system>
    <type>RouteNode</type>
    <path>generic-model/Task488</path>
    <lifecycle-state>validated</lifecycle-state>
    <lifecycle-policy>documentRouteElement</lifecycle-policy>
    <facet>facet-var_Task488</facet>
    <access-control/>
  </system>
  <schema xmlns:dc="http://www.nuxeo.org/ecm/schemas/dublincore/" name="dublincore">
    <dc:creator/>
    <dc:source/>
    <dc:nature/>
    <dc:contributors/>
    <dc:created/>
    <dc:description/>
    <dc:rights/>
    <dc:subjects/>
    <dc:publisher/>
    <dc:valid/>
    <dc:format/>
    <dc:issued/>
    <dc:modified/>
    <dc:language/>
    <dc:coverage/>
    <dc:expired/>
    <dc:lastContributor/>
    <dc:title><![CDATA[Simple task]]></dc:title>
  </schema>
  <schema xmlns:common="http://www.nuxeo.org/ecm/schemas/common/" name="common">
    <common:icon/>
    <common:icon-expanded/>
    <common:size/>
  </schema>
  <schema xmlns:var_Task488="http://www.nuxeo.org/ecm/project/schemas/osivia-project/var_Task488" name="var_Task488">
    <var_Task488:assignees/>
  </schema>
  <schema xmlns:rnode="http://www.nuxeo.org/ecm/schemas/route_node/" name="route_node">
    <rnode:lastActor/>
    <rnode:canceled/>
    <rnode:taskLayout><![CDATA[Task488@taskLayout]]></rnode:taskLayout>
    <rnode:taskButtons/>
    <rnode:executeOnlyFirstTransition><![CDATA[false]]></rnode:executeOnlyFirstTransition>
    <rnode:stop><![CDATA[false]]></rnode:stop>
    <rnode:button/>
    <rnode:taskDocType><![CDATA[TaskDoc]]></rnode:taskDocType>
    <rnode:start><![CDATA[false]]></rnode:start>
    <rnode:startDate/>
    <rnode:taskNotificationTemplate/>
    <rnode:transitions>
      <transition>
        <chain><![CDATA[]]></chain>
        <condition><![CDATA[Document["pi:currentStep"] == "endStep"]]></condition>
        <name><![CDATA[endTask488]]></name>
        <targetId><![CDATA[Task413]]></targetId>
        <label><![CDATA[end]]></label>
      </transition>
      <transition>
        <chain><![CDATA[]]></chain>
        <condition><![CDATA[Document["pi:currentStep"] != "endStep"]]></condition>
        <name><![CDATA[iterateTask488]]></name>
        <targetId><![CDATA[Task488]]></targetId>
        <label><![CDATA[iterate]]></label>
      </transition>
    </rnode:transitions>
    <rnode:nodeId><![CDATA[Task488]]></rnode:nodeId>
    <rnode:hasMultipleTasks><![CDATA[false]]></rnode:hasMultipleTasks>
    <rnode:outputChain/>
    <rnode:merge/>
    <rnode:subRouteVariables/>
    <rnode:taskAssignees/>
    <rnode:taskAssigneesExpr/>
    <rnode:taskY><![CDATA[220]]></rnode:taskY>
    <rnode:count/>
    <rnode:taskX><![CDATA[460]]></rnode:taskX>
    <rnode:taskAssigneesPermission/>
    <rnode:subRouteInstanceId/>
    <rnode:taskDueDateExpr/>
    <rnode:variablesFacet><![CDATA[facet-var_Task488]]></rnode:variablesFacet>
    <rnode:tasksInfo/>
    <rnode:endDate/>
    <rnode:allowTaskReassignment><![CDATA[false]]></rnode:allowTaskReassignment>
    <rnode:taskDueDate/>
    <rnode:inputChain><![CDATA[]]></rnode:inputChain>
    <rnode:taskDescription/>
    <rnode:hasTask><![CDATA[true]]></rnode:hasTask>
    <rnode:taskDirective/>
    <rnode:subRouteModelExpr/>
    <rnode:escalationRules/>
  </schema>
</document>
